"day","id","spent"
1,32,0
1,34,0
1,114,0
1,28,0
1,127,0
1,82,0
1,109,0
1,139,0
1,13,0
1,138,0
1,122,0
1,102,0
1,74,0
1,131,0
1,14,0
1,120,0
1,13,0
1,113,0
1,74,0
1,82,0
1,141,0
1,7,0
1,68,0
1,23,0
1,63,0
1,22,0
1,142,0
1,145,0
1,33,0
1,12,0
1,83,0
1,40,0
1,14,0
1,119,0
1,87,0
1,64,0
1,78,0
1,36,0
1,27,0
1,141,0
1,111,0
1,18,0
1,95,0
1,104,0
1,38,0
1,57,0
1,130,0
1,58,0
1,71,0
1,11,0
1,74,0
1,109,0
1,38,0
1,24,0
1,28,0
1,62,0
1,120,0
1,98,0
1,108,0
1,48,0
1,111,0
1,56,0
1,128,0
1,90,0
1,9,0
1,108,0
1,43,0
1,131,0
1,94,0
1,35,0
1,34,0
1,60,0
1,20,0
1,15,0
1,109,0
1,57,0
1,61,0
1,37,0
1,149,0
1,28,0
1,19,0
1,94,0
1,25,0
1,94,0
1,5,0
1,107,0
1,87,0
1,72,0
1,110,0
1,49,0
1,99,0
1,85,0
1,17,0
1,132,0
1,72,0
1,128,0
1,89,0
1,146,0
1,51,0
1,59,0
1,119,0
1,106,0
1,9,0
1,100,0
1,62,0
1,115,0
1,17,0
1,11,0
1,31,0
1,109,0
1,82,0
1,27,0
1,110,0
1,49,0
1,137,0
1,138,0
1,68,0
1,54,0
1,53,0
1,69,0
1,53,0
1,62,0
1,8,0
1,69,0
1,79,10.48
1,83,0
1,37,0
1,134,0
1,142,0
1,144,0
1,37,0
1,40,0
1,2,0
1,50,0
1,78,0
1,130,0
1,69,0
1,63,0
1,66,0
1,33,0
1,121,0
1,16,0
1,48,0
1,103,0
1,99,0
2,144,0
2,15,0
2,7,0
2,68,0
2,129,0
2,97,0
2,140,0
2,7,0
2,124,0
2,91,0
2,127,0
2,50,0
2,141,0
2,86,0
2,66,0
2,119,0
2,25,0
2,53,0
2,136,0
2,115,0
2,51,0
2,129,0
2,99,0
2,136,0
2,147,0
2,13,0
2,52,0
2,6,0
2,87,0
2,48,0
2,77,0
2,144,0
2,104,0
2,85,0
2,98,0
2,41,0
2,61,0
2,64,0
2,82,0
2,67,0
2,93,0
2,56,0
2,143,0
2,87,0
2,84,0
2,96,0
2,145,0
2,131,0
2,95,0
2,51,0
2,72,0
2,25,0
2,8,0
2,55,0
2,42,0
2,67,0
2,42,0
2,34,0
2,98,0
2,48,0
2,25,0
2,144,0
2,140,0
2,83,0
2,14,0
2,109,0
2,137,0
2,113,0
2,21,0
2,149,0
2,75,0
2,7,0
2,104,0
2,47,0
2,29,0
2,74,0
2,112,0
2,103,0
2,45,0
2,52,0
2,100,0
2,45,0
2,93,0
2,21,0
2,110,0
2,112,0
2,148,0
2,109,0
2,12,0
2,145,0
2,79,0
2,8,0
2,31,0
2,147,0
2,139,0
2,6,0
2,48,0
2,65,0
2,123,0
2,108,0
2,106,0
2,145,0
2,98,0
2,125,0
2,124,0
2,11,0
2,32,0
2,57,0
2,105,0
2,13,0
2,116,0
2,85,0
2,120,0
2,48,0
2,78,0
2,40,0
2,86,0
2,110,0
2,58,0
2,37,0
2,44,0
2,149,0
2,111,0
2,31,0
2,111,0
2,148,0
2,147,0
2,144,0
2,148,0
2,25,0
2,70,11.19
2,24,0
2,125,0
2,55,0
2,18,0
2,116,0
2,26,0
2,94,0
2,32,0
2,42,0
2,20,0
2,138,0
2,19,0
2,83,0
2,118,0
2,124,0
2,11,0
2,7,0
2,38,0
2,15,0
2,119,0
2,69,0
2,78,0
2,31,0
2,124,0
2,137,0
2,126,0
2,121,0
2,29,0
2,66,0
2,117,0
2,126,0
2,135,0
2,137,0
2,111,0
2,35,0
2,43,0
2,121,0
2,43,0
2,137,0
2,123,0
2,107,0
2,98,0
2,134,0
2,54,0
2,98,0
2,57,0
2,115,0
2,64,0
2,87,0
2,79,0
2,8,0
2,131,0
2,28,0
2,129,0
2,130,0
2,108,0
2,122,0
2,94,0
2,126,0
2,110,0
2,3,0
2,114,0
2,87,0
2,42,0
2,105,0
2,85,0
2,36,0
2,82,0
2,28,0
2,3,0
2,17,0
2,48,0
2,66,0
2,108,0
2,6,0
2,128,0
2,49,0
2,111,0
2,65,0
2,39,0
2,35,0
2,72,0
2,24,0
2,147,0
2,98,0
2,66,0
2,119,0
2,100,0
2,136,0
2,2,0
2,142,0
2,74,0
2,117,0
2,106,0
2,88,0
2,92,0
2,114,0
2,22,0
2,51,0
2,109,0
2,17,0
2,30,0
2,149,0
2,53,0
2,32,0
2,75,0
2,16,0
2,108,0
2,48,0
2,11,0
2,103,0
2,139,0
2,23,0
2,68,0
2,100,0
2,25,0
2,111,0
2,16,0
2,4,0
2,122,0
2,14,0
2,17,0
2,15,0
2,24,0
2,77,0
2,81,0
2,5,0
2,88,0
2,110,0
2,69,0
2,140,0
2,107,0
2,30,0
2,148,0
2,87,0
2,96,0
2,22,0
2,33,0
3,101,0
3,100,0
3,44,0
3,68,0
3,68,0
3,17,0
3,62,0
3,33,0
3,75,0
3,39,0
3,43,0
3,43,0
3,8,0
3,124,0
3,132,0
3,135,0
3,34,0
3,72,0
3,70,0
3,4,0
3,100,0
3,39,0
3,125,0
3,10,0
3,13,0
3,89,0
3,71,0
3,94,0
3,56,0
3,69,0
3,68,0
3,135,0
3,37,0
3,120,0
3,100,0
3,5,0
3,1,0
3,44,0
3,13,0
3,99,0
3,81,0
3,117,0
3,23,0
3,128,15.79
3,148,0
3,12,0
3,76,0
3,47,0
3,2,0
3,48,0
3,94,0
3,75,0
3,26,0
3,91,0
3,122,0
3,35,0
3,67,0
3,130,0
3,17,0
3,28,0
3,130,0
3,136,0
3,88,0
3,29,0
3,4,14.74
3,133,0
3,87,0
3,134,0
3,59,0
3,44,0
3,116,0
3,4,0
3,78,0
3,51,0
3,37,0
3,136,0
3,102,0
3,94,0
3,72,0
3,7,0
3,48,0
3,54,0
3,105,0
3,108,0
3,81,0
3,55,0
3,61,0
3,86,0
3,109,0
3,5,0
3,9,0
3,140,0
3,68,0
3,25,0
3,112,0
3,7,0
3,90,0
3,116,0
3,38,0
3,105,0
3,99,0
3,114,0
3,52,0
3,59,0
3,116,0
3,32,0
3,20,0
3,147,0
3,84,0
3,64,0
3,38,0
3,129,0
3,127,0
3,58,0
3,87,0
3,108,0
3,108,0
3,41,0
3,8,0
3,147,0
3,78,0
3,89,0
3,21,0
3,100,0
3,77,0
3,148,0
3,135,0
3,102,0
3,22,0
3,141,0
3,127,0
3,37,0
3,25,0
4,12,0
4,7,0
4,29,0
4,27,0
4,64,0
4,58,0
4,85,0
4,82,0
4,54,0
4,68,0
4,24,0
4,122,0
4,110,0
4,123,0
4,125,0
4,29,0
4,66,0
4,125,0
4,124,0
4,143,0
4,41,0
4,79,0
4,131,0
4,40,0
4,99,0
4,30,0
4,103,0
4,19,0
4,109,0
4,43,0
4,30,0
4,22,0
4,113,0
4,106,0
4,124,0
4,17,0
4,132,0
4,106,0
4,38,0
4,38,0
4,110,0
4,132,0
4,122,0
4,49,0
4,46,0
4,98,0
4,19,0
4,27,0
4,77,0
4,22,0
4,41,0
4,141,0
4,2,0
4,89,0
4,32,0
4,73,0
4,117,0
4,113,0
4,6,0
4,69,0
4,23,0
4,147,0
4,29,0
4,98,0
4,42,0
4,72,0
4,98,0
4,19,0
4,135,0
4,78,0
4,49,0
4,34,0
4,92,0
4,23,0
4,130,0
4,137,0
4,100,0
4,35,0
4,137,0
4,66,0
4,65,0
4,139,0
4,21,0
4,29,0
4,133,0
4,10,0
4,84,0
4,47,0
4,54,0
4,78,0
4,75,0
4,52,0
4,26,0
4,116,0
4,125,0
4,14,0
4,18,0
4,104,0
4,145,0
4,72,0
4,117,0
4,15,0
4,116,0
4,128,0
4,54,0
4,76,0
4,19,0
4,138,0
4,81,0
4,65,0
4,105,0
4,71,0
4,57,0
4,41,0
4,104,0
4,10,0
4,69,0
4,50,0
4,76,0
4,111,0
4,38,0
4,39,0
5,57,0
5,67,0
5,16,0
5,108,0
5,32,0
5,25,0
5,99,0
5,127,0
5,24,0
5,148,0
5,55,0
5,10,0
5,40,0
5,57,0
5,10,0
5,92,0
5,64,0
5,66,0
5,126,0
5,122,0
5,18,0
5,6,0
5,81,0
5,79,0
5,49,0
5,1,0
5,15,0
5,57,0
5,4,0
5,104,0
5,80,0
5,134,0
5,30,0
5,96,0
5,18,0
5,102,0
5,108,0
5,28,0
5,24,0
5,98,0
5,59,0
5,74,0
5,125,0
5,124,0
5,135,0
5,69,0
5,91,0
5,137,0
5,77,0
5,125,0
5,78,0
5,52,0
5,133,0
5,30,0
5,27,0
5,104,0
5,110,0
5,125,0
5,111,0
5,42,0
5,144,0
5,52,0
5,15,0
5,5,0
5,65,0
5,141,0
5,57,0
5,39,0
5,82,0
5,148,0
5,145,0
5,18,0
5,19,0
5,73,0
5,135,0
5,34,0
5,5,0
5,129,0
5,1,0
5,99,0
5,14,0
5,21,0
5,126,0
5,44,0
5,142,0
5,122,0
6,3,0
6,36,0
6,12,0
6,75,0
6,74,0
6,133,0
6,76,0
6,93,0
6,56,0
6,94,0
6,44,0
7,7,0
7,83,0
7,81,0
7,125,0
7,35,0
7,61,0
7,130,0
7,58,0
7,81,0
7,97,0
7,46,0
7,93,0
7,85,0
7,23,0
7,76,0
7,76,0
7,42,0
7,16,0
7,17,0
7,81,0
7,4,0
7,103,0
7,10,0
7,10,0
7,21,0
7,136,0
7,56,0
7,98,0
7,65,0
7,108,0
7,93,0
7,119,0
7,43,0
7,78,0
7,126,0
7,58,0
7,22,0
7,128,0
7,3,0
7,121,0
7,29,0
7,94,0
7,45,0
7,85,0
7,105,0
7,56,0
7,24,0
7,78,0
7,120,0
7,58,0
7,34,0
7,123,0
7,75,0
7,143,0
7,139,0
7,76,0
7,78,0
7,57,0
7,139,0
7,7,0
7,133,0
7,67,0
7,87,0
7,20,0
7,112,0
7,92,0
7,145,0
7,82,0
7,143,0
7,142,0
7,31,4.3
7,76,0
7,143,0
7,3,0
7,108,0
7,25,0
7,66,0
7,49,0
7,96,0
7,103,0
7,12,0
7,129,0
7,15,0
7,118,0
7,108,5.3
7,142,0
7,9,0
7,145,0
7,92,0
7,116,0
7,149,0
7,45,0
7,135,0
7,63,0
7,122,0
7,21,0
7,20,0
7,146,0
7,132,0
7,116,0
7,98,0
7,39,0
7,32,0
7,3,0
7,38,5.3
7,83,0
7,63,0
7,67,0
7,22,0
7,4,0
7,51,0
7,75,0
7,61,0
7,46,0
7,144,0
7,129,0
7,41,0
7,130,0
7,110,0
7,124,0
7,119,0
7,66,0
7,48,0
7,21,0
7,146,0
7,90,0
7,15,0
7,45,0
7,137,0
7,132,0
7,127,0
7,86,0
7,32,0
7,125,0
7,92,0
7,116,0
7,124,0
7,35,0
7,82,0
7,57,0
7,81,0
7,113,0
7,66,0
7,132,0
7,112,0
7,148,0
7,122,0
7,118,16.46
7,50,0
7,68,0
7,96,0
7,70,0
7,149,0
7,69,0
7,124,0
7,45,0
7,87,0
7,34,0
7,38,0
7,24,0
7,90,0
7,13,0
7,62,0
7,73,0
7,132,0
7,84,0
7,145,0
7,97,0
7,57,0
7,143,0
7,38,0
7,1,0
8,15,0
8,99,0
8,88,0
8,21,0
8,90,0
8,137,0
8,140,0
8,34,0
8,136,0
8,127,0
8,141,0
8,95,0
8,142,0
8,82,0
8,18,0
8,25,0
8,29,0
8,44,0
8,94,0
8,83,0
8,147,0
8,119,0
8,41,0
8,5,0
8,77,0
8,94,0
8,88,0
8,22,0
8,56,0
8,63,0
8,31,0
8,46,0
8,121,0
8,24,0
8,42,0
8,101,0
8,136,11.08
8,29,0
8,72,0
8,96,0
8,39,0
8,80,0
8,132,0
8,146,0
8,144,0
8,149,0
8,135,0
8,59,0
8,79,0
8,43,0
8,101,0
8,10,0
8,40,0
8,76,0
8,38,0
8,61,0
8,141,0
8,56,0
8,131,0
8,126,0
8,70,0
8,87,0
8,32,0
8,142,0
8,80,0
8,84,0
8,89,0
8,104,0
8,84,0
8,41,0
8,144,0
8,125,0
8,30,0
8,144,0
8,50,0
8,79,0
8,59,0
8,47,5.15
8,59,0
8,58,0
8,80,0
8,123,0
8,21,0
8,64,0
8,59,0
8,101,0
8,97,0
8,91,0
8,133,0
8,8,0
8,149,0
8,85,0
8,24,0
8,9,0
8,43,0
8,142,0
8,85,0
8,61,0
8,21,0
8,127,0
8,4,0
8,2,0
8,114,0
8,3,0
8,130,0
8,66,0
8,77,0
8,122,0
8,71,0
8,21,0
8,89,0
8,122,0
8,30,0
8,86,0
8,127,0
8,7,0
8,95,0
8,47,0
8,142,0
8,79,0
8,128,0
8,138,0
8,20,0
8,123,0
8,140,0
8,92,0
8,15,0
8,44,0
8,110,0
8,18,0
8,68,0
8,6,0
8,20,0
8,93,0
8,13,0
8,55,0
8,51,0
8,18,0
8,36,0
8,136,0
8,130,0
8,30,0
8,99,0
8,4,0
8,140,0
8,124,0
8,14,0
8,5,0
8,31,0
8,108,0
8,99,0
8,8,0
8,101,0
8,126,0
8,134,0
8,5,0
8,43,0
8,140,0
8,86,0
8,90,0
8,23,0
8,66,0
8,112,0
8,99,0
8,5,0
8,143,0
8,100,0
8,148,0
8,146,0
8,48,0
8,47,0
8,128,0
8,88,0
8,101,0
8,48,0
8,88,0
8,94,0
8,30,0
8,40,0
8,86,0
8,44,0
8,141,0
8,87,0
8,102,0
8,138,0
8,105,0
8,139,0
8,11,0
8,119,0
8,68,0
8,44,0
8,3,0
8,131,0
8,104,0
8,111,0
8,30,0
8,92,0
8,106,0
8,131,0
8,38,0
8,44,0
8,104,0
8,68,0
8,55,0
8,2,0
8,52,0
8,7,0
8,115,0
8,100,0
8,105,0
8,100,0
8,2,0
8,23,0
8,93,0
8,57,0
8,78,0
8,70,0
8,14,0
8,49,0
8,39,0
8,99,0
8,89,0
8,37,0
8,131,0
8,128,0
8,87,0
8,50,0
8,71,0
8,18,0
8,34,0
8,141,0
8,31,0
8,94,0
8,53,0
8,74,0
8,63,0
8,136,0
8,8,0
8,23,0
8,68,0
8,46,0
8,137,0
8,6,0
9,111,0
9,28,0
9,144,0
9,135,0
9,122,0
9,37,19.74
9,69,0
9,45,0
9,115,0
9,143,0
9,103,0
9,140,0
9,147,0
9,128,0
9,56,0
9,133,0
9,117,0
9,56,0
9,64,0
9,87,0
9,32,0
9,54,0
9,66,0
9,6,0
9,71,0
9,41,0
9,127,0
9,17,0
9,136,0
9,14,0
9,117,0
9,128,0
9,104,0
9,102,0
9,139,0
9,62,0
9,27,0
9,31,0
9,63,0
9,32,0
9,137,0
9,130,0
9,119,0
9,24,0
9,24,0
9,45,0
9,85,0
9,105,0
9,5,0
9,146,0
9,41,0
9,93,0
9,68,0
9,103,0
9,140,0
9,54,0
9,136,0
9,122,0
9,24,0
9,39,0
9,107,0
9,94,0
9,10,0
9,39,0
9,63,0
9,37,0
9,49,0
9,50,0
9,132,0
9,37,0
9,20,0
9,70,0
9,63,0
9,136,0
9,74,0
9,16,0
9,86,0
9,92,0
9,126,0
9,7,0
9,2,0
9,27,0
9,73,0
9,104,0
9,26,0
9,50,0
9,8,0
9,95,0
9,143,0
9,91,0
9,13,0
9,148,0
9,143,0
9,143,0
9,69,0
9,37,0
9,33,0
9,146,0
9,7,0
9,143,0
9,53,0
9,70,0
9,127,0
9,112,0
9,53,0
9,48,0
9,4,0
9,71,0
9,28,0
9,124,0
9,36,0
9,144,0
9,109,0
9,46,0
9,3,0
9,141,0
9,91,0
9,121,0
9,82,0
9,41,0
9,107,0
9,128,0
9,19,0
9,31,0
9,17,0
9,124,0
9,53,0
9,91,0
9,57,0
9,8,0
9,92,0
9,37,0
9,28,0
9,72,0
9,77,0
9,64,0
9,92,0
9,8,0
9,141,0
9,138,0
9,68,0
9,36,0
9,8,0
9,42,0
9,96,0
9,90,0
9,6,0
9,7,0
9,17,0
9,80,0
9,96,0
9,109,0
9,50,0
9,66,0
9,36,4.79
9,107,0
9,24,0
9,121,0
9,99,0
9,48,0
9,16,0
9,44,0
9,64,0
10,23,0
10,111,0
10,61,0
10,68,0
10,5,0
10,33,0
10,84,0
10,61,0
10,32,0
10,129,0
10,47,0
10,72,0
10,142,0
10,95,0
10,116,0
10,95,0
10,126,0
10,97,0
11,2,0
11,132,0
11,118,0
11,60,0
11,67,0
11,84,0
11,130,0
11,125,0
11,69,0
11,139,0
11,114,0
11,143,0
11,135,0
11,60,0
11,142,0
11,115,0
11,43,0
11,113,0
11,62,0
11,94,0
11,53,0
11,110,0
11,138,0
11,68,0
11,113,0
11,15,0
11,5,0
11,44,0
11,78,0
11,76,0
11,64,0
11,141,0
11,52,0
11,48,0
11,126,0
11,130,0
11,16,0
11,120,0
11,97,0
11,35,0
11,87,0
11,91,0
11,32,0
11,145,0
11,112,0
11,54,0
11,58,0
11,122,0
11,14,0
11,59,0
11,26,0
11,127,0
11,101,0
11,51,0
11,31,0
11,143,0
11,123,0
11,136,0
11,71,0
11,7,0
11,66,0
11,39,0
11,72,0
11,5,0
11,137,0
11,141,0
11,147,0
11,14,0
11,94,0
11,109,0
11,96,0
11,59,0
11,9,0
11,6,0
11,84,0
11,81,0
11,109,0
11,76,0
11,111,0
11,128,0
11,132,0
11,38,0
11,69,0
11,134,0
11,41,0
11,43,0
11,46,0
11,123,0
11,131,0
11,33,0
11,118,0
11,43,0
11,20,0
11,66,0
11,92,0
11,32,0
11,58,0
11,123,0
11,77,0
11,34,0
11,17,0
11,142,0
11,25,0
11,5,0
11,11,0
11,106,0
11,28,0
11,112,20.99
11,126,0
11,135,0
11,6,0
11,52,0
11,118,0
11,46,0
11,22,0
11,49,0
11,42,0
11,110,0
11,42,0
11,48,0
11,117,0
11,71,0
11,106,0
11,27,0
11,119,0
11,75,0
11,43,0
11,147,0
11,22,0
11,123,0
11,147,0
11,82,0
11,141,0
11,75,0
11,33,0
11,42,0
11,114,0
11,53,0
11,74,0
11,34,0
11,145,0
11,8,18.48
11,122,0
11,142,0
11,23,0
11,99,0
11,121,0
11,96,0
11,69,0
11,147,0
11,110,0
11,26,13.2
11,134,0
11,130,0
11,31,0
11,131,0
11,2,0
11,121,0
11,139,0
11,84,0
11,44,0
11,67,0
11,51,0
11,39,0
11,35,0
11,92,0
11,112,0
11,53,0
11,43,0
11,71,0
11,129,0
11,129,0
11,42,0
11,95,0
11,128,0
11,81,0
11,134,0
11,6,0
11,139,0
11,147,0
11,28,0
11,97,0
11,103,0
11,64,0
11,31,0
11,27,0
11,79,0
11,69,0
11,96,0
11,14,0
11,138,0
11,113,0
11,33,0
11,86,0
11,52,0
11,129,0
11,91,0
11,11,0
11,109,0
11,131,0
11,78,0
11,62,0
11,144,0
11,138,0
11,10,0
11,5,0
11,31,0
11,44,0
11,140,0
11,18,0
11,35,0
11,84,0
11,14,0
11,126,0
11,76,0
11,25,0
11,16,0
11,73,0
11,61,0
11,59,0
11,29,0
11,50,0
11,18,0
11,53,0
11,19,0
11,54,0
11,148,0
11,128,0
11,53,0
11,29,0
11,62,0
11,122,0
11,75,0
11,96,0
11,52,0
11,68,0
11,4,0
11,77,0
11,36,0
11,10,0
11,144,0
11,90,0
11,109,6.3
11,137,0
11,28,0
11,35,0
11,27,0
11,4,0
11,13,0
11,19,0
11,44,0
11,36,0
11,118,0
11,56,0
11,87,0
11,9,0
11,100,0
11,49,0
11,53,0
11,71,0
11,46,0
11,7,0
11,34,0
11,50,0
11,123,0
11,98,0
11,68,0
11,41,0
11,69,0
11,45,0
11,106,0
11,62,0
11,84,0
11,147,0
11,48,0
11,47,0
11,41,0
11,101,0
11,112,0
11,66,0
11,71,0
11,33,0
11,3,0
11,129,0
11,77,0
11,33,0
11,99,0
11,44,0
11,30,0
11,138,0
11,43,0
11,86,0
11,23,0
11,15,0
11,85,0
11,29,0
11,35,0
11,13,0
11,100,0
11,71,0
11,20,0
11,143,0
11,1,0
11,21,0
11,26,0
11,42,0
11,30,0
11,140,0
11,43,0
11,12,0
11,124,0
11,115,0
11,80,0
11,37,0
11,9,0
11,123,0
11,95,0
11,133,0
11,101,0
11,133,0
11,18,0
11,15,0
12,53,0
12,46,0
12,126,0
12,103,0
12,65,0
12,66,0
12,131,0
12,81,0
12,113,0
12,55,0
12,88,0
12,105,0
12,77,0
12,88,0
12,92,0
12,108,0
12,102,0
12,81,0
12,82,0
12,79,0
12,142,0
12,23,0
12,33,0
12,15,0
12,134,0
12,144,0
12,1,0
12,148,0
12,37,0
12,58,0
12,7,0
12,120,0
12,2,0
12,77,0
12,63,0
12,80,0
12,16,0
12,15,0
12,124,0
12,147,0
12,66,0
12,31,0
12,108,0
12,53,0
12,74,0
12,69,0
12,58,0
12,97,0
12,37,0
12,126,0
12,140,0
12,124,0
12,108,0
12,94,0
12,26,0
12,68,0
12,84,0
12,38,0
12,26,0
12,97,0
12,63,0
12,92,0
12,81,0
12,131,0
12,144,0
12,140,0
12,71,0
12,78,0
12,101,0
12,38,0
12,57,0
12,108,0
12,113,0
12,1,0
12,130,0
12,2,0
12,71,0
12,79,0
12,32,0
12,141,0
12,78,0
12,55,0
12,79,0
12,74,0
12,97,0
12,65,0
12,138,0
12,38,0
12,88,0
12,129,0
12,33,0
12,2,0
12,116,0
12,90,0
12,103,0
12,144,0
12,68,0
12,47,0
12,68,0
12,140,0
12,119,0
12,7,0
12,115,0
12,107,0
12,34,0
12,133,0
12,123,0
12,66,0
12,72,0
12,129,0
12,20,0
12,144,0
12,119,0
12,125,0
12,127,0
12,136,0
12,57,0
12,66,0
12,26,0
12,37,0
12,67,0
12,80,0
12,41,0
12,109,0
12,103,0
12,42,0
12,1,0
12,114,0
12,8,0
12,87,0
12,69,0
12,41,0
12,142,0
12,31,0
12,117,0
12,78,0
12,77,0
12,84,0
12,27,0
12,6,0
12,91,0
12,11,0
12,21,0
12,127,0
12,142,0
12,73,0
12,122,0
12,37,0
12,37,0
12,54,0
12,41,0
12,52,0
12,69,0
12,140,0
12,24,0
12,95,0
12,78,0
12,120,0
12,131,0
12,26,0
12,113,0
12,124,0
12,104,0
12,65,0
12,78,0
12,32,0
12,92,0
12,60,0
12,53,0
12,47,0
12,84,0
12,131,0
12,109,0
12,93,0
12,142,0
12,116,0
12,80,0
12,84,0
12,53,0
12,20,0
12,114,8.63
12,41,0
12,132,0
12,44,0
12,97,0
12,114,0
12,103,0
12,53,0
12,32,13.12
12,120,0
12,118,0
12,19,0
12,113,0
12,38,0
12,15,0
12,68,0
12,23,0
12,127,0
12,110,0
12,75,0
12,86,0
12,22,0
12,32,0
12,19,0
12,147,0
12,44,0
12,93,0
12,139,0
12,135,0
12,97,0
12,146,0
12,94,0
12,141,0
12,119,0
12,53,0
12,133,0
12,119,0
12,63,0
12,43,0
12,33,0
12,120,0
12,45,0
12,118,0
12,112,0
12,77,0
12,126,0
12,1,0
12,126,0
12,95,0
12,29,0
12,84,0
12,50,0
12,127,0
12,129,0
12,33,0
12,14,0
12,98,0
12,63,0
12,22,0
12,148,0
12,106,0
12,130,0
12,78,0
12,79,0
12,54,0
12,139,0
12,59,0
12,22,0
12,116,0
12,72,0
12,69,0
12,27,0
12,2,0
12,148,0
12,51,0
12,53,0
12,21,0
12,95,0
12,29,0
12,14,0
12,127,0
12,53,0
12,22,0
13,53,0
13,133,0
13,128,0
13,120,0
13,15,0
13,114,0
13,149,0
13,13,0
13,132,0
13,4,0
13,52,0
13,149,0
13,120,0
13,43,0
13,103,0
13,9,0
13,137,0
13,135,24.27
13,123,0
13,103,0
13,82,0
13,148,0
13,70,0
13,68,0
13,107,0
13,14,0
13,95,0
13,137,0
13,130,0
13,123,0
13,19,0
13,30,0
13,56,0
13,81,0
13,139,0
13,122,0
13,18,0
13,47,0
13,85,0
13,83,0
13,142,0
13,125,0
13,22,0
13,121,0
13,130,0
13,53,0
13,118,0
13,35,0
13,7,0
13,65,0
13,139,0
13,117,0
13,119,0
13,4,0
13,100,0
13,132,0
13,124,0
13,136,0
13,76,0
13,74,0
13,34,0
13,87,0
13,128,0
13,75,0
13,108,0
13,132,0
13,79,0
13,38,0
13,106,0
13,138,0
13,111,0
13,108,0
13,95,0
13,98,0
13,6,0
13,100,0
13,42,0
13,126,0
13,56,0
13,140,0
13,91,0
13,8,0
13,91,0
13,102,0
13,55,0
13,61,0
13,67,0
13,148,0
13,33,0
13,20,0
13,10,0
13,18,0
13,118,0
13,6,0
13,70,0
13,130,0
13,64,0
13,98,0
13,144,0
13,102,0
13,133,0
13,30,0
13,43,0
13,140,0
13,130,0
13,118,4.33
13,134,0
13,90,0
13,148,0
13,120,0
13,23,0
13,75,6.51
13,73,0
13,96,0
13,82,0
13,50,0
13,109,0
13,120,0
13,74,0
13,15,0
13,30,0
13,18,0
13,3,0
13,92,0
13,144,0
13,140,0
13,124,0
13,63,0
13,68,0
13,97,0
13,136,0
13,65,0
13,7,0
13,49,0
13,19,0
13,110,0
13,23,0
13,36,0
13,34,0
13,11,0
13,73,0
13,59,0
13,56,0
13,99,0
13,106,0
13,17,0
13,61,0
13,115,0
13,53,0
13,32,0
13,10,0
13,149,0
13,137,0
13,75,0
13,96,0
13,26,0
13,127,0
13,22,0
13,115,0
13,32,0
13,6,0
13,58,0
13,35,0
13,33,0
13,100,0
13,124,0
13,5,0
13,62,0
13,2,0
13,148,0
13,103,0
13,76,0
13,107,0
13,94,0
13,85,0
13,133,0
13,65,0
13,34,0
13,116,0
13,114,0
13,50,0
13,88,0
13,115,0
13,137,0
13,116,0
13,112,0
13,108,0
13,6,0
13,46,0
13,17,0
13,33,0
13,103,0
13,38,0
13,51,0
13,136,0
13,82,0
13,30,0
13,114,0
13,65,0
13,29,0
13,96,0
13,114,0
13,81,0
13,81,0
13,50,0
13,59,0
13,130,0
13,106,0
13,129,0
13,42,0
13,11,0
13,30,0
13,114,0
13,130,0
13,120,0
13,59,0
13,74,0
13,45,0
13,119,0
13,29,0
13,48,0
13,134,0
13,15,0
13,115,0
13,84,0
13,73,0
13,109,0
13,95,0
13,55,0
13,68,0
13,62,0
13,16,0
13,31,0
13,119,0
13,68,0
13,104,0
13,44,0
13,10,0
13,24,0
13,73,0
13,140,0
13,116,0
13,29,0
13,74,0
13,45,0
13,138,0
13,99,0
13,90,0
13,37,0
13,35,0
13,27,0
13,133,0
13,48,0
13,88,0
13,132,0
13,88,0
13,38,0
13,4,0
13,64,0
13,44,0
13,30,0
13,89,0
13,127,0
13,82,0
13,115,0
13,145,0
13,141,0
13,115,0
13,53,0
13,51,0
13,107,0
13,145,0
13,86,0
13,130,0
13,90,0
13,78,0
13,26,0
13,29,0
13,11,0
13,37,0
13,94,0
13,75,0
13,10,0
13,40,0
13,105,0
13,46,0
13,130,0
13,87,0
13,7,0
13,35,0
13,105,0
13,142,0
13,26,0
13,103,0
13,45,0
13,100,0
13,21,0
13,17,0
13,124,0
13,104,0
13,120,0
13,54,0
13,99,0
13,3,0
13,41,0
13,85,0
13,147,0
13,91,0
13,86,0
13,58,0
13,10,0
13,97,0
13,143,0
13,87,0
13,44,0
13,16,0
13,144,0
13,3,0
13,90,0
13,135,0
13,31,0
13,126,0
13,88,0
13,32,0
13,147,0
13,148,0
13,11,0
13,64,0
13,149,0
13,142,0
13,6,0
13,118,0
13,74,0
13,95,0
13,112,0
13,50,0
13,43,0
13,122,0
13,21,0
13,111,0
13,148,0
13,52,0
13,108,0
13,1,0
13,4,0
13,6,0
13,45,0
13,139,0
13,135,0
13,26,0
13,70,0
13,50,0
13,107,0
14,63,0
14,10,0
14,55,0
14,100,0
14,56,0
14,71,0
14,74,0
14,91,0
14,134,0
14,100,0
14,6,0
14,111,0
14,63,0
14,144,0
14,37,0
14,69,0
14,75,0
14,121,0
14,46,0
14,104,0
14,17,0
14,77,0
14,108,0
14,138,0
14,49,0
14,35,0
14,78,0
14,144,0
14,3,0
14,41,0
14,12,0
14,117,0
14,76,0
14,8,0
14,35,0
14,12,0
14,21,0
14,64,0
14,58,0
14,46,0
14,107,0
14,134,0
14,51,0
14,26,0
14,33,0
14,33,0
14,54,0
14,68,0
14,124,0
14,95,0
14,93,0
14,96,0
14,61,0
14,99,0
14,116,0
14,5,0
14,91,0
14,60,0
14,45,0
14,88,0
14,23,0
14,3,0
14,11,0
14,46,0
14,102,0
14,78,0
14,118,0
14,133,0
14,78,0
14,23,0
14,72,0
14,41,0
14,53,0
14,119,0
14,41,0
14,82,0
14,93,0
14,115,0
14,23,0
14,139,0
14,122,0
14,111,0
14,102,0
14,57,0
14,42,0
14,47,0
14,62,0
14,44,0
14,45,0
14,6,0
14,142,0
14,57,0
14,104,0
14,87,0
14,145,0
14,149,0
14,107,0
14,42,1.43
14,129,0
14,141,0
14,79,0
14,126,0
14,66,0
14,80,0
14,132,0
14,112,0
14,74,0
15,18,0
15,67,0
15,75,0
15,120,0
15,53,0
15,75,0
15,113,0
15,108,0
15,54,0
15,100,0
15,104,0
15,72,0
15,149,0
15,69,0
15,141,0
15,25,0
15,142,0
15,65,0
15,74,0
15,7,0
15,125,0
15,75,0
15,141,0
15,76,0
15,22,0
15,21,0
15,20,0
15,9,0
15,80,0
15,146,0
15,6,0
15,43,0
15,132,0
15,108,0
15,8,0
15,123,0
15,45,0
15,131,0
15,109,0
15,8,0
15,33,0
15,121,0
15,15,0
15,121,0
15,126,0
15,52,0
15,12,0
15,56,0
15,50,0
15,93,0
15,134,0
15,66,0
15,83,0
15,72,0
15,96,0
15,17,0
15,68,0
15,35,0
15,126,0
15,81,0
15,33,0
15,4,0
15,19,0
15,89,0
15,32,0
15,139,0
15,149,0
15,104,0
15,106,0
15,67,0
15,60,0
15,75,0
15,126,0
15,139,0
15,82,0
15,67,0
15,142,0
15,12,0
15,51,0
15,120,0
15,98,0
15,140,0
15,111,0
15,100,0
15,110,0
15,135,0
15,149,0
15,11,0
15,94,0
15,134,0
15,84,0
15,26,0
15,103,0
15,109,0
15,47,0
15,97,0
15,46,0
15,31,0
15,125,0
15,87,0
15,85,0
15,62,0
15,4,0
15,46,0
15,13,0
15,73,0
15,10,0
15,31,0
15,97,0
15,25,0
15,134,0
15,63,0
15,16,0
15,93,0
15,40,0
15,36,0
15,36,0
15,98,0
15,116,0
15,7,0
15,112,0
15,126,0
15,7,0
15,86,0
15,42,0
15,46,0
15,77,0
15,149,0
15,140,0
15,72,0
15,110,0
15,136,0
15,37,0
15,3,0
15,118,0
15,22,0
15,148,0
15,30,0
15,141,0
15,142,0
15,99,0
15,13,0
15,19,0
15,33,0
15,52,0
15,63,0
15,31,0
15,3,0
15,48,0
15,135,0
15,63,0
15,22,0
15,4,0
15,78,0
15,20,0
15,141,0
15,15,0
15,123,0
15,29,0
15,26,0
15,111,0
15,121,0
15,40,0
15,20,0
15,68,0
15,55,0
15,82,0
15,110,0
15,134,0
15,119,0
15,32,0
15,37,0
15,16,0
15,31,0
15,115,0
15,127,0
15,84,0
15,105,0
15,145,0
15,1,0
15,12,0
15,131,0
15,32,0
15,77,0
15,59,0
15,43,0
15,47,0
15,10,0
15,99,0
15,145,0
15,51,0
15,139,0
15,45,0
15,14,0
15,45,0
15,79,0
15,53,0
15,38,0
15,77,0
15,13,0
15,41,0
15,87,0
15,84,0
15,45,0
15,107,0
15,131,0
15,129,0
15,136,5.27
15,16,0
15,113,0
15,40,0
15,93,0
15,27,0
15,89,0
15,124,0
15,147,0
15,64,0
15,138,0
15,88,0
15,87,0
15,127,0
15,68,0
15,50,0
15,73,0
15,16,0
15,121,0
15,61,0
15,136,0
15,3,0
15,66,0
15,27,0
15,135,0
15,87,0
15,49,0
15,12,0
16,92,0
16,125,0
16,119,0
16,44,0
16,96,0
16,107,0
16,98,0
16,125,0
16,96,0
16,143,0
16,140,0
16,60,0
16,10,0
16,93,0
16,11,0
16,147,0
16,116,0
16,113,0
16,63,0
16,2,0
16,147,0
16,42,15.98
16,6,0
16,26,0
16,37,0
16,127,0
16,85,0
16,47,0
16,87,0
16,1,0
16,4,0
16,58,0
16,98,0
16,96,0
16,6,0
16,28,0
16,85,0
16,149,0
16,6,0
16,113,0
16,6,0
16,102,0
16,44,0
16,79,0
16,107,0
16,81,0
16,6,0
16,24,0
16,55,0
16,50,0
16,89,0
16,76,0
16,120,0
16,119,0
16,95,0
16,119,0
16,130,0
16,38,0
16,68,0
16,109,0
16,103,0
16,26,7.23
16,127,0
16,56,0
16,74,0
16,124,0
16,6,0
16,30,0
16,49,0
16,116,0
16,10,0
16,36,0
16,72,0
16,15,0
16,82,0
16,134,0
16,88,0
16,24,0
16,129,0
16,66,0
16,93,0
16,30,0
16,66,0
16,92,0
16,40,0
16,41,0
16,12,0
16,18,0
16,67,0
16,126,0
16,79,0
16,44,0
16,114,0
16,55,0
16,82,0
16,75,0
16,86,0
16,49,0
16,63,0
16,128,0
16,148,0
16,148,0
16,9,0
16,28,0
16,41,0
16,91,0
16,87,0
16,126,0
16,62,0
16,6,0
16,90,0
16,39,0
16,3,0
16,80,0
16,130,0
16,146,0
16,86,0
16,2,0
16,46,0
16,3,0
16,149,0
16,50,0
16,78,29.39
16,7,0
16,72,0
16,67,0
16,1,0
16,135,0
16,128,0
16,110,0
16,74,0
16,51,0
16,43,0
16,54,0
16,147,0
16,110,0
16,60,0
16,72,0
16,3,0
16,120,17.16
16,36,0
16,135,0
16,32,0
16,109,0
16,54,0
16,120,0
16,36,0
16,111,0
16,1,0
16,92,0
16,3,0
16,13,0
16,25,0
16,45,0
16,62,0
17,142,0
17,63,0
17,35,0
17,101,0
17,57,0
17,122,0
17,102,0
17,56,0
17,91,0
17,132,0
17,34,0
17,114,0
17,131,0
17,113,0
17,50,0
17,13,0
17,80,0
17,116,0
17,142,0
17,78,0
17,10,0
17,22,0
17,115,0
17,130,0
17,91,0
17,146,0
17,21,0
17,57,0
17,45,0
17,55,0
17,92,0
17,111,0
17,16,0
17,20,0
17,143,0
17,114,0
17,142,0
17,141,0
17,36,0
17,69,0
17,93,0
17,95,0
17,119,0
17,77,0
17,89,0
17,99,0
17,4,0
17,123,0
17,26,0
17,12,0
17,109,0
17,95,0
17,75,0
17,127,0
17,62,0
17,85,0
17,116,0
17,80,0
17,83,0
17,93,0
17,139,0
17,140,0
17,130,0
17,132,0
17,103,0
17,24,0
17,26,0
17,80,0
17,70,0
17,137,0
17,137,0
17,62,0
17,32,0
17,18,0
17,9,0
17,100,0
17,63,0
17,116,0
17,87,0
17,17,0
17,57,0
17,57,0
17,78,0
17,57,0
17,31,0
17,124,0
17,4,0
17,94,0
17,123,0
17,90,0
17,44,0
17,68,0
17,81,0
17,54,0
17,124,0
17,139,0
17,148,0
17,71,0
17,98,0
17,139,0
17,74,0
17,110,0
17,79,0
17,102,0
17,109,0
17,109,0
17,94,0
17,32,0
17,77,0
17,119,0
17,97,0
17,40,0
17,62,0
17,14,0
17,29,0
17,44,0
17,134,0
17,55,0
17,121,0
17,84,0
17,58,0
17,115,0
17,100,0
17,138,0
17,74,0
17,96,0
17,3,0
17,92,0
17,35,0
17,147,0
18,37,0
18,34,0
18,139,0
18,126,0
18,149,0
18,113,0
18,132,0
18,50,0
18,6,0
18,29,0
18,25,0
18,11,0
18,34,0
18,36,0
18,107,0
18,102,0
18,130,0
18,101,0
18,15,0
18,33,0
18,52,0
18,65,0
18,123,0
18,89,0
18,20,0
18,36,0
18,56,0
18,47,0
18,111,0
18,91,0
18,80,0
18,28,0
18,123,0
18,31,0
18,82,0
18,11,0
18,112,0
18,95,0
18,97,0
18,61,0
18,73,0
18,128,0
18,48,0
18,33,0
18,115,0
18,128,0
18,89,0
18,138,0
18,146,0
18,145,0
18,84,0
18,25,0
18,25,0
18,75,0
18,112,0
18,73,0
18,125,0
18,3,0
18,139,0
18,59,0
18,5,0
18,66,0
18,53,0
18,81,0
18,120,0
18,122,0
18,105,0
18,17,0
18,114,0
18,94,0
18,49,0
18,113,0
18,5,0
18,6,0
18,84,0
18,50,0
18,64,0
18,134,0
18,103,0
18,97,0
18,143,0
18,32,0
18,38,0
18,34,0
18,38,0
18,113,0
18,133,0
18,41,0
18,65,0
18,57,0
18,72,0
18,95,0
18,24,0
18,99,0
18,73,0
18,50,0
18,84,0
18,116,0
18,87,0
18,99,0
18,131,0
18,32,0
18,99,0
18,80,0
18,85,0
18,91,0
18,121,0
18,10,0
18,127,0
18,32,0
18,45,0
18,117,0
18,32,0
18,139,0
18,100,0
18,109,0
18,63,0
18,72,0
18,105,0
18,72,0
18,65,0
18,18,0
18,148,0
18,30,0
18,61,0
18,45,0
18,65,0
18,64,0
18,88,0
18,120,0
18,114,0
18,141,0
18,43,0
18,86,0
18,21,0
18,56,0
18,2,0
18,1,0
18,83,0
18,37,0
18,137,0
18,119,0
18,61,0
18,98,0
18,29,0
18,69,0
18,36,0
18,3,0
18,11,9.69
18,29,0
18,19,0
18,105,0
18,137,0
18,127,0
18,26,0
18,86,0
18,40,0
18,22,0
18,113,0
18,68,0
18,36,0
18,5,0
18,73,0
18,69,0
18,56,0
18,58,0
18,29,0
18,140,0
18,50,0
18,115,0
18,121,0
18,140,0
18,35,0
18,59,0
18,99,0
18,50,0
18,1,0
18,101,0
18,64,0
18,29,0
18,18,0
18,28,0
18,83,0
18,144,0
18,130,0
18,104,0
18,132,0
18,141,0
18,127,0
18,71,0
18,21,0
18,25,0
18,30,0
18,135,0
18,76,0
18,33,0
18,15,0
18,128,0
18,134,0
18,51,0
18,74,0
18,97,0
18,73,0
18,103,0
18,69,0
18,17,0
18,57,0
18,109,0
18,65,0
18,112,0
18,74,0
18,103,0
18,70,0
18,22,0
18,132,0
18,14,0
18,131,0
18,65,0
18,75,0
18,40,0
19,55,0
19,107,0
19,54,0
19,30,0
19,52,0
19,54,0
19,49,0
19,123,0
19,113,0
19,119,0
19,8,0
19,112,0
19,49,0
19,146,0
19,80,0
19,54,0
19,3,0
19,40,0
19,61,0
19,74,0
19,18,0
19,126,0
19,32,0
19,81,0
19,28,0
19,58,0
19,83,0
19,71,0
19,149,0
19,15,0
19,139,0
19,87,0
19,132,0
19,109,0
19,93,0
19,15,0
19,3,0
19,44,0
19,101,0
19,132,0
19,75,0
19,18,0
19,112,0
19,134,0
19,136,0
19,14,0
19,86,0
19,7,0
19,95,0
19,91,0
19,49,0
19,144,0
19,145,0
19,71,0
19,63,0
19,96,0
19,116,0
19,124,0
19,51,0
19,132,0
19,55,0
19,116,0
19,116,0
19,46,0
19,131,0
19,145,0
19,4,0
19,31,0
19,142,0
19,12,0
19,60,0
19,69,0
19,49,0
19,80,0
19,99,0
19,145,0
19,59,0
19,102,0
19,120,0
19,66,0
19,91,0
19,147,0
19,15,0
19,3,0
19,42,11.52
19,13,0
19,131,0
19,31,0
19,97,0
19,144,0
19,84,0
19,19,0
19,100,0
19,72,0
19,70,0
19,118,0
19,90,0
19,86,0
19,35,0
19,113,0
19,120,0
19,26,0
19,35,0
19,56,0
19,101,0
19,52,0
19,38,0
19,60,0
19,67,0
19,9,0
19,89,0
19,66,0
19,5,0
19,146,0
19,34,0
19,18,0
19,120,0
19,12,0
19,37,0
19,109,0
19,97,0
19,28,0
19,28,0
19,93,0
19,115,0
19,88,0
19,126,0
19,45,0
19,53,0
19,45,0
19,138,0
19,41,0
19,72,0
19,79,0
19,128,0
19,137,0
19,27,0
19,20,0
19,17,0
19,95,0
19,99,0
19,115,0
19,103,0
19,82,0
19,102,0
19,144,0
19,96,0
19,116,0
19,83,0
19,127,0
19,54,0
19,102,0
19,92,0
19,104,0
19,14,0
19,70,0
19,136,0
19,79,0
19,120,0
19,8,0
19,33,0
19,88,0
19,86,0
19,140,0
19,3,0
19,123,0
19,19,0
19,56,0
19,148,0
19,25,0
19,131,0
19,29,0
19,120,0
19,102,0
19,35,0
19,123,0
19,9,0
19,85,0
19,143,0
19,106,0
19,144,0
19,78,0
19,96,0
19,50,0
19,128,0
19,74,0
19,70,0
19,78,0
19,13,0
19,47,0
19,86,0
19,135,0
19,67,0
19,102,0
19,84,0
19,14,14.65
19,22,0
19,17,0
19,74,0
19,81,0
19,41,0
19,113,0
19,131,0
19,21,0
19,40,0
19,90,0
19,8,0
19,121,0
19,25,0
19,41,0
19,138,0
19,79,0
19,93,0
19,79,0
19,94,0
19,95,0
19,16,0
19,100,0
19,1,0
19,103,0
19,65,0
19,104,0
19,54,0
19,93,0
19,56,0
19,144,0
19,79,0
19,36,0
19,95,0
19,66,0
19,51,0
19,64,0
19,14,20.21
19,125,0
19,120,0
19,147,0
19,33,0
19,141,0
19,148,0
19,44,0
19,119,4.53
19,85,0
19,138,0
20,61,0
20,6,0
20,2,0
20,92,0
20,148,0
20,29,0
20,97,0
20,91,0
20,29,0
20,59,0
20,56,0
20,121,0
20,114,0
20,13,0
20,41,0
20,90,0
20,90,0
20,149,0
20,18,0
20,1,0
20,7,0
20,107,0
20,20,0
20,131,0
20,43,0
20,69,0
20,107,0
20,109,0
20,120,0
20,136,0
20,118,0
20,94,0
20,116,0
20,112,0
20,60,0
20,42,0
20,38,0
20,69,0
20,66,0
20,50,0
20,81,0
20,2,0
20,61,0
20,110,0
20,122,0
20,124,0
20,94,0
20,82,0
20,46,0
20,66,12.85
20,70,0
20,68,0
20,74,0
20,5,0
20,143,0
20,5,0
20,37,0
20,75,0
20,91,0
20,57,0
20,136,0
20,146,0
20,114,0
20,6,0
20,133,0
20,144,0
20,7,0
20,108,0
20,3,0
20,143,0
20,82,0
20,71,0
20,51,0
20,147,0
20,61,0
20,95,0
20,105,0
20,23,0
20,12,0
20,77,0
20,44,0
20,85,0
20,105,0
20,88,0
20,144,0
20,25,0
20,5,0
20,50,0
20,125,0
20,113,0
20,35,0
20,121,0
20,58,0
20,43,17.68
20,2,0
20,148,0
20,120,0
20,123,0
20,84,0
20,89,0
20,77,0
20,7,0
20,112,0
20,60,0
20,69,0
20,44,0
20,22,0
20,81,0
20,96,0
20,64,0
20,120,0
20,27,0
20,15,0
20,81,0
20,62,0
20,80,0
20,144,0
20,22,0
20,64,0
20,11,0
20,13,0
20,39,0
20,52,0
20,61,0
20,26,0
20,84,0
20,85,0
20,65,0
20,101,0
20,101,0
20,33,0
20,93,0
20,16,0
20,56,0
20,56,0
20,143,0
20,59,0
20,56,0
20,146,0
20,86,0
20,35,0
20,53,0
20,141,0
20,131,0
20,36,0
20,107,0
20,148,0
20,137,0
20,32,0
20,57,0
20,63,0
20,74,0
20,29,0
20,48,0
20,50,0
20,80,0
20,113,0
20,97,0
20,135,0
20,80,0
20,87,0
20,64,0
20,63,0
20,119,0
20,120,0
20,11,0
20,23,0
20,87,0
20,86,0
20,6,0
20,62,0
20,130,0
20,51,0
20,147,0
20,65,0
20,58,0
20,74,0
20,72,0
20,69,0
20,42,0
20,42,0
20,41,0
20,42,0
20,137,0
20,25,0
20,105,0
20,91,0
20,27,0
20,60,0
20,137,0
20,84,0
20,114,0
20,123,0
20,102,0
20,37,0
20,33,0
20,13,0
20,14,0
20,47,0
20,89,0
20,95,0
20,142,0
20,149,0
20,56,0
20,48,0
20,94,0
20,25,0
20,125,0
20,116,0
20,19,0
20,112,0
20,137,0
20,148,0
20,71,0
20,121,0
20,100,0
20,143,0
20,99,0
20,123,0
20,102,0
20,68,0
20,80,0
20,149,0
20,115,0
20,41,0
20,102,0
20,108,0
20,54,0
20,36,0
20,118,0
20,97,0
20,149,0
20,5,0
20,110,0
20,50,0
20,129,0
21,135,0
21,104,0
21,130,0
21,66,0
21,99,0
21,70,0
21,22,0
21,52,0
21,96,0
21,87,0
21,132,0
21,63,0
21,14,0
21,140,0
21,141,0
21,38,0
21,7,0
21,82,0
21,4,0
21,41,0
21,122,0
21,91,0
21,22,0
21,79,0
21,119,0
21,16,0
21,86,0
21,145,0
21,43,0
21,30,0
21,23,0
21,138,0
21,8,0
21,91,0
21,73,0
21,135,0
21,108,0
21,46,0
21,9,0
21,20,0
21,133,0
21,12,0
21,46,0
21,96,0
21,108,0
21,31,0
21,36,0
21,124,0
21,104,0
21,93,0
21,2,0
21,97,0
21,64,0
21,58,0
21,45,0
21,102,0
21,32,0
21,28,0
21,132,0
21,1,0
21,108,0
21,15,0
21,98,0
21,116,0
21,56,0
21,7,0
21,93,0
21,69,0
21,88,0
21,62,0
21,16,0
21,74,0
21,57,0
21,33,0
21,85,0
21,68,0
21,122,0
21,78,0
21,140,0
21,58,0
21,58,0
21,83,0
21,88,0
21,137,0
21,1,0
21,52,0
21,60,0
21,38,0
21,119,0
21,104,0
21,40,0
21,68,0
21,16,0
21,121,0
21,119,0
21,110,0
21,119,0
21,48,0
21,41,0
21,98,0
21,110,0
21,148,0
21,115,0
21,15,0
21,71,0
21,2,0
21,99,0
21,1,0
21,149,0
21,34,0
22,18,0
22,144,0
22,43,0
22,127,0
22,133,0
22,47,0
22,45,0
22,35,0
22,9,0
22,51,0
22,61,0
22,3,0
22,42,0
22,42,0
22,54,0
22,27,0
22,10,0
22,123,0
22,109,0
22,63,0
22,127,0
22,37,0
22,18,0
22,123,0
22,63,0
22,118,0
22,82,0
22,68,0
22,2,0
22,66,0
22,6,0
22,83,0
22,64,0
22,65,0
22,95,0
22,94,0
22,16,0
22,42,0
22,40,0
22,39,0
22,57,0
22,29,0
22,36,0
22,25,0
22,42,0
22,72,0
22,111,0
22,33,0
22,48,0
22,100,0
22,69,0
22,108,0
22,64,0
22,147,0
22,84,0
22,44,0
22,4,0
22,19,0
22,60,0
22,54,0
22,126,0
22,26,0
22,86,0
22,122,0
22,132,0
22,99,0
22,136,0
22,96,0
22,122,0
22,37,0
22,49,0
22,13,0
22,74,0
22,88,0
22,140,0
22,80,0
22,37,0
22,142,0
22,61,0
22,5,0
22,91,0
22,83,0
22,80,0
22,61,0
22,12,0
22,56,0
22,136,0
22,28,0
22,77,0
22,28,0
22,68,0
22,125,0
22,35,0
22,118,0
22,137,0
22,35,0
22,94,0
22,76,0
22,137,0
22,91,0
22,22,0
22,42,0
22,101,0
22,58,0
22,131,0
22,130,0
22,10,0
22,66,0
22,4,0
22,146,0
22,123,0
22,149,0
22,115,0
22,88,0
22,49,0
22,144,0
22,24,0
22,57,0
22,39,0
22,43,0
22,39,0
22,3,0
22,32,0
22,84,0
22,105,0
22,101,0
22,83,0
22,122,0
22,98,0
22,72,0
22,62,0
22,83,0
22,19,0
22,88,0
22,13,0
22,61,0
22,30,0
22,111,0
22,135,0
22,76,0
22,145,0
22,63,0
22,56,8.38
22,81,0
22,130,0
22,75,0
22,42,0
22,54,0
22,79,0
22,82,0
22,91,0
22,29,0
22,68,0
22,45,0
22,9,0
22,129,0
22,37,0
22,122,0
22,36,0
22,75,0
22,54,0
22,50,0
22,30,0
22,28,0
22,51,0
22,100,0
22,64,10.32
22,74,0
22,26,0
22,84,0
22,18,0
22,29,0
22,36,0
22,47,0
22,120,0
22,3,0
22,100,0
22,1,0
22,113,0
22,94,0
22,50,0
22,62,17.55
22,47,0
22,115,0
22,131,0
22,140,0
22,59,0
22,140,0
22,50,0
22,11,0
22,60,0
22,21,0
22,85,0
22,59,0
22,119,0
22,69,0
22,79,0
22,29,4.12
22,114,0
22,103,0
22,44,0
22,90,0
22,66,0
22,94,0
22,115,0
22,59,0
22,60,0
22,10,0
22,6,0
22,121,0
22,60,0
22,91,0
22,29,0
22,91,0
22,75,0
22,104,0
22,8,0
22,134,0
22,116,0
22,57,0
22,53,0
22,43,0
22,101,0
22,8,0
22,143,0
22,68,0
22,90,0
22,149,0
22,6,0
22,80,0
22,75,0
22,82,0
22,70,0
22,74,0
22,81,0
22,120,0
22,88,0
22,111,0
22,102,0
22,54,0
22,90,0
22,10,0
22,113,0
22,34,0
22,141,0
22,52,0
22,49,0
22,76,0
22,93,0
22,136,0
22,125,0
22,52,0
22,11,0
22,91,0
22,139,0
22,148,0
22,111,0
22,6,0
22,23,0
22,114,0
22,51,0
22,132,0
22,17,0
22,41,0
22,36,0
22,143,0
22,46,0
22,9,17.04
22,14,0
22,38,0
22,53,0
22,109,0
22,97,0
22,123,0
22,40,0
22,76,0
22,47,0
22,95,0
22,127,0
22,11,0
22,38,0
22,44,0
22,140,0
22,118,0
22,51,0
22,52,0
22,70,0
22,24,0
22,103,0
22,128,0
22,82,0
22,20,0
22,7,0
22,82,0
22,139,0
22,112,0
23,57,0
23,66,0
23,106,0
23,142,0
23,55,0
23,119,0
23,110,0
23,60,0
23,73,0
23,71,0
23,121,0
23,102,0
23,147,0
23,101,0
23,112,0
23,42,0
23,111,0
23,131,0
23,143,0
23,97,0
23,123,0
23,89,0
23,2,0
23,11,0
23,121,0
23,2,0
23,127,0
23,53,0
23,29,0
23,72,0
23,13,0
23,81,0
23,126,0
23,116,0
23,127,0
23,98,0
23,135,0
23,127,0
23,9,0
23,131,0
23,43,0
23,19,0
23,32,0
23,89,0
23,55,0
23,112,0
23,128,0
23,74,0
23,122,0
23,39,0
23,1,0
23,130,0
23,89,0
23,140,0
23,131,0
23,132,0
23,97,0
23,147,0
23,95,0
23,73,0
23,84,0
23,140,0
23,44,0
23,65,0
23,106,0
23,69,0
23,11,0
23,113,0
23,43,0
23,115,0
23,18,0
23,28,0
23,133,0
23,10,0
23,43,0
23,104,0
23,112,0
23,87,0
23,136,0
23,29,0
23,21,0
23,25,0
23,118,0
23,42,0
23,91,0
23,3,0
23,64,0
23,89,0
23,30,0
23,11,0
23,34,0
23,38,0
23,14,0
23,42,0
23,29,0
23,13,0
23,32,0
23,71,0
23,34,0
23,71,0
23,114,0
23,52,0
23,103,0
23,63,0
23,118,0
23,14,0
23,75,0
23,17,0
23,20,0
23,109,0
23,69,0
23,13,0
23,46,0
23,108,0
23,77,0
23,35,0
23,28,0
23,8,0
23,126,0
23,47,0
23,43,0
23,19,0
23,47,0
24,16,0
24,23,0
24,75,0
24,87,0
24,93,0
24,130,0
24,125,0
24,34,0
24,17,0
24,26,0
24,106,0
24,74,0
24,49,0
24,114,0
24,78,0
24,39,0
24,23,0
24,103,0
24,42,0
24,52,0
24,42,0
24,17,0
24,51,0
24,70,0
24,97,0
24,94,9.33
24,141,0
24,141,0
24,10,0
24,59,0
24,134,0
24,81,0
24,3,0
24,77,0
24,79,0
24,28,0
24,16,0
24,13,0
24,20,0
24,135,0
24,102,0
24,131,0
24,26,0
24,53,0
24,65,0
24,12,0
24,66,0
24,69,0
24,63,0
24,130,0
24,135,0
24,13,0
24,7,0
24,84,0
24,3,0
24,4,0
24,118,0
24,118,0
24,33,0
24,50,0
24,104,0
24,99,23.98
24,64,0
24,36,0
24,2,0
24,123,0
24,106,0
24,117,0
24,130,0
24,136,0
24,36,0
24,128,0
24,120,0
24,46,0
24,61,0
24,68,0
24,147,0
24,141,0
24,116,0
24,111,0
24,117,0
24,23,0
24,127,0
24,112,0
24,28,0
24,91,0
24,101,0
24,97,0
24,90,0
24,54,0
24,93,0
24,72,0
24,112,0
24,74,0
24,59,0
24,40,0
24,40,0
24,58,0
24,2,0
24,7,0
24,75,0
24,66,0
24,62,0
24,129,0
24,121,0
24,6,0
24,12,0
24,92,0
24,4,0
24,143,0
24,20,0
24,60,0
24,140,0
24,9,0
24,22,0
24,78,0
24,106,0
24,139,0
24,117,0
24,36,0
24,70,0
24,139,0
24,44,0
24,59,0
24,69,0
24,72,0
24,19,0
24,134,0
24,77,0
24,38,0
24,116,0
24,3,0
24,29,0
24,43,0
24,50,0
24,127,14.85
24,2,0
24,123,0
24,41,0
24,143,0
24,141,0
24,58,0
24,118,0
24,128,0
24,75,0
24,8,12.63
24,57,0
24,146,0
24,61,0
24,63,0
24,134,0
24,144,0
24,61,0
24,100,0
24,71,0
24,11,0
24,142,0
24,143,0
24,97,0
24,124,0
24,43,0
24,34,0
24,53,0
24,41,0
24,143,0
24,97,0
24,58,0
24,24,0
24,70,0
24,53,0
24,121,0
24,109,0
24,76,0
24,12,0
24,33,0
24,139,0
24,143,0
24,87,0
24,21,0
24,1,0
24,7,0
24,134,0
24,124,0
24,124,0
24,17,0
24,86,0
24,105,0
24,83,0
24,35,0
24,56,2.23
24,131,0
24,37,0
24,104,0
24,96,0
24,17,0
24,22,0
24,116,0
24,22,0
24,132,0
24,11,0
24,5,0
24,108,0
24,65,0
24,119,0
24,110,0
24,5,0
24,49,0
24,92,0
24,37,0
24,9,0
25,22,0
25,77,0
25,33,0
25,111,0
25,113,0
25,30,0
25,69,0
25,14,0
25,14,0
25,60,0
25,64,0
25,40,0
25,59,0
25,1,0
25,93,0
25,8,0
25,43,0
25,36,0
25,21,0
25,145,0
25,115,0
25,72,0
25,116,0
25,131,0
25,37,0
25,106,0
25,94,0
25,42,0
25,76,0
25,85,0
25,76,0
25,147,0
25,25,0
25,82,0
25,127,0
25,51,0
25,25,0
25,131,0
25,68,0
25,137,0
25,127,0
25,135,0
25,140,0
25,14,0
25,1,0
25,10,0
25,119,0
25,6,0
25,114,0
25,10,0
25,62,0
25,132,0
25,31,0
25,12,0
25,77,0
25,83,0
25,66,0
25,84,0
25,64,0
25,31,0
25,125,0
25,116,0
25,143,0
25,143,0
25,29,0
25,79,0
25,83,0
25,62,0
25,83,0
25,70,0
25,15,0
25,26,0
25,23,4.69
25,60,0
25,27,0
25,98,0
25,75,0
25,2,0
25,93,0
25,41,0
25,38,0
25,25,0
25,46,0
25,14,0
25,67,0
25,117,0
25,69,0
25,6,7.48
25,128,0
25,81,19.86
25,47,0
25,28,0
25,28,0
25,124,0
25,35,0
25,14,0
25,89,0
25,144,0
25,102,0
25,8,0
25,135,0
25,97,0
25,127,0
25,43,23.48
25,61,0
25,64,0
25,34,0
25,64,0
25,104,0
25,12,0
25,10,0
25,24,0
25,89,0
25,144,0
25,5,0
25,26,0
25,135,0
25,41,0
25,26,0
25,3,0
25,118,18.94
25,25,0
25,84,0
25,91,0
25,47,0
25,84,0
25,107,0
25,32,0
25,107,0
25,130,0
25,39,0
25,62,0
25,134,0
25,97,0
25,130,0
25,32,0
25,46,0
25,102,0
25,118,0
25,94,0
25,41,0
25,11,0
25,58,0
25,112,0
25,32,0
25,82,0
25,22,0
25,75,0
25,117,0
25,91,0
25,146,0
25,121,0
25,59,0
25,141,0
25,101,0
25,124,0
25,145,0
25,52,0
25,10,0
25,122,0
25,108,0
25,58,0
25,123,0
25,108,0
25,130,0
25,68,0
25,137,0
25,47,0
25,66,0
25,73,0
25,16,0
25,14,0
25,18,0
25,104,0
25,148,0
25,11,0
25,56,0
25,56,0
25,100,0
25,37,0
25,123,0
25,97,0
25,60,0
25,46,0
25,54,0
25,38,0
25,139,0
25,37,0
25,111,0
25,50,0
25,33,0
25,46,0
25,105,0
25,28,0
25,58,0
25,93,0
25,33,0
25,140,0
25,24,0
25,120,0
25,72,0
25,56,0
25,20,0
25,148,0
25,44,0
25,68,0
25,37,0
25,24,0
25,30,0
25,125,0
25,53,0
25,84,0
25,59,0
25,65,0
25,130,0
25,35,0
25,60,0
25,86,0
25,43,0
25,32,0
25,129,0
25,89,0
25,37,0
25,94,0
25,35,0
25,104,0
25,53,0
25,125,0
25,88,0
25,123,0
25,109,0
25,10,0
25,120,0
25,19,0
25,95,0
25,105,0
25,115,0
25,58,0
25,26,0
25,33,0
25,114,0
25,130,0
25,109,0
25,35,0
25,117,0
25,34,0
25,94,0
25,83,0
25,21,0
25,22,0
25,126,0
25,44,0
25,115,0
25,124,0
25,17,0
25,10,0
25,15,0
25,49,0
25,106,0
25,82,0
25,104,0
25,138,0
25,122,2.19
25,98,0
25,121,0
25,53,0
25,17,0
25,83,0
25,76,0
25,99,0
25,135,0
25,20,0
25,149,0
25,3,0
25,11,0
25,116,0
25,2,0
25,14,0
25,37,0
25,69,0
25,30,0
25,111,0
25,27,0
25,61,0
25,139,0
25,116,0
25,73,0
25,81,0
25,3,0
25,85,0
25,30,0
25,56,0
25,11,0
25,89,0
25,112,0
25,77,0
25,89,0
25,126,0
25,92,0
25,145,0
25,134,0
25,131,0
25,145,0
25,98,0
25,147,0
25,3,0
25,40,0
25,40,0
25,116,0
25,80,0
25,49,0
25,6,0
25,60,0
25,35,0
25,147,0
25,76,0
25,25,0
25,60,0
25,26,0
25,47,0
25,143,0
25,46,0
25,74,0
25,144,0
25,37,0
25,10,0
25,113,0
25,66,0
25,18,0
25,131,0
25,52,0
25,62,0
25,5,0
25,15,0
25,37,0
25,87,0
25,30,0
25,10,0
25,111,0
25,100,0
25,104,0
25,7,0
25,128,0
25,56,0
25,46,0
25,141,0
25,59,0
25,75,0
25,46,0
25,10,0
25,60,0
25,74,0
25,77,0
25,46,0
25,115,0
25,85,0
25,42,0
25,67,0
25,25,0
25,123,0
25,84,0
25,45,0
25,90,0
25,133,0
25,94,0
25,75,0
25,83,0
25,10,0
25,120,0
25,45,0
25,49,0
25,71,0
25,2,0
25,87,0
26,40,0
26,96,0
26,132,0
26,57,0
26,122,0
26,50,0
26,79,0
26,44,0
26,98,0
26,79,0
26,76,0
26,143,0
26,82,0
26,144,0
26,102,0
26,3,0
26,91,0
26,30,0
26,48,0
26,13,0
26,86,0
26,71,0
26,108,0
26,3,0
26,122,0
26,91,0
26,31,0
26,135,0
26,13,0
26,56,0
26,137,0
26,106,0
26,19,0
26,119,3.11
26,140,0
26,39,0
26,40,0
26,99,0
26,17,0
26,42,0
26,8,0
26,24,0
26,92,0
26,142,0
26,97,0
26,99,0
26,36,0
26,124,0
26,97,0
26,95,0
26,31,0
26,117,0
26,11,0
26,87,0
26,79,0
26,133,0
26,132,0
26,35,0
26,140,0
26,53,0
26,37,0
26,126,0
26,64,0
26,104,0
26,131,0
26,100,0
26,125,0
26,69,0
26,61,0
26,77,0
26,81,0
26,47,0
26,104,0
26,30,0
26,86,0
26,33,0
26,46,0
26,142,0
26,60,0
26,43,0
26,5,0
26,144,0
26,106,0
26,78,0
26,119,0
26,54,0
26,109,0
26,59,0
26,34,0
26,122,0
26,137,0
26,42,0
26,15,0
26,129,0
26,106,0
26,33,0
26,2,0
26,107,0
26,55,0
26,124,0
26,108,0
26,54,0
26,129,0
26,86,0
26,52,0
26,80,0
26,145,0
26,47,0
26,147,0
26,28,0
26,147,0
26,10,0
26,111,0
26,133,0
26,5,0
26,129,0
26,79,0
26,27,0
26,130,0
26,19,0
26,125,0
26,78,0
26,96,0
26,108,0
26,127,0
26,55,0
26,52,0
26,142,0
26,137,0
26,53,0
26,136,0
26,144,0
26,70,0
26,35,0
26,102,0
26,7,0
26,42,0
26,74,0
26,115,0
26,117,0
26,103,0
26,61,0
26,130,0
26,44,0
26,42,0
26,140,0
26,29,0
26,82,0
26,78,0
26,50,0
26,11,0
26,97,0
26,36,0
26,34,0
26,10,0
26,57,0
26,123,0
26,51,0
26,46,0
26,48,0
26,31,0
26,146,0
26,56,0
26,107,0
26,93,0
26,129,0
26,148,0
26,33,0
26,39,0
26,117,0
26,95,0
26,111,0
26,78,0
26,148,0
26,98,0
26,54,0
26,65,0
26,24,0
26,63,0
26,33,0
26,33,0
26,16,0
26,137,0
26,90,0
26,28,0
26,108,0
26,3,0
26,77,0
26,130,0
26,107,0
26,93,0
26,116,0
26,9,0
26,51,0
26,89,0
26,104,0
26,23,0
26,139,0
26,82,0
26,133,0
26,57,0
26,41,0
26,51,0
26,112,0
26,52,0
26,33,0
26,20,0
26,52,0
26,25,0
26,145,0
26,83,0
26,92,0
26,148,0
26,126,0
26,50,0
26,132,0
26,134,0
26,13,0
26,25,0
26,18,0
26,147,0
26,14,0
26,51,0
26,74,0
26,3,0
26,115,0
26,106,0
26,95,0
26,50,0
26,48,0
26,35,0
26,63,0
26,127,0
26,71,0
26,38,0
26,46,0
26,40,0
26,22,0
26,100,0
26,35,0
26,134,0
26,79,0
26,77,0
26,44,0
27,130,0
27,148,0
27,137,0
27,102,0
27,136,0
27,23,0
27,64,0
27,36,0
27,121,0
27,80,0
27,24,0
27,77,0
27,116,0
27,125,0
27,19,0
27,9,0
27,33,0
27,15,0
27,11,0
27,25,0
27,115,0
27,79,0
27,122,0
27,80,0
27,39,0
27,106,0
27,27,0
27,107,0
27,1,0
27,139,0
27,106,0
27,25,0
27,82,0
27,3,0
27,60,0
27,50,0
27,87,0
27,37,0
27,110,0
27,23,0
27,15,0
27,129,0
27,53,0
27,33,0
27,57,0
27,52,0
27,109,0
27,90,0
27,65,0
27,65,0
27,133,0
27,98,0
27,79,0
27,141,0
27,104,0
27,132,0
27,78,0
27,9,0
27,138,0
27,118,0
27,27,0
27,99,0
27,10,0
27,42,0
27,16,0
27,60,0
27,16,0
27,16,0
27,105,0
27,23,0
27,45,0
27,114,0
27,149,0
27,27,0
27,6,0
27,115,0
27,104,0
27,14,0
27,92,0
27,108,0
27,43,0
27,82,0
27,15,0
27,147,0
27,5,0
27,9,0
27,36,0
27,60,20.15
27,66,0
27,114,0
27,121,0
27,93,10.8
27,95,0
27,147,0
27,121,0
27,83,0
27,128,0
27,90,0
27,99,0
27,69,0
27,143,0
27,136,0
27,116,0
27,20,0
27,124,0
27,70,0
27,68,0
27,59,0
27,130,0
27,82,0
27,140,0
27,116,0
27,113,0
27,123,0
27,14,0
27,140,0
27,91,0
27,140,11.43
27,20,0
27,132,0
27,7,0
27,112,0
27,35,0
27,108,0
27,137,0
27,40,0
27,120,0
27,46,0
27,26,0
27,12,0
27,65,0
27,131,0
27,36,0
27,54,0
27,3,0
27,88,0
27,63,0
27,106,0
27,45,0
27,106,0
27,133,0
27,78,0
27,85,0
27,30,0
27,123,0
27,113,0
27,15,0
27,51,0
27,41,0
28,87,0
28,109,0
28,50,0
28,84,0
28,6,0
28,137,0
28,146,0
28,106,0
28,112,0
28,134,0
28,2,0
28,16,0
28,130,0
28,115,0
28,1,0
28,108,0
28,79,0
28,65,0
28,49,0
28,81,0
28,54,0
28,57,0
28,86,0
28,20,0
28,59,0
28,21,0
28,75,0
28,149,0
28,114,0
28,12,0
28,140,0
28,84,0
28,140,0
28,76,0
28,132,0
28,34,0
28,130,0
28,63,0
28,62,0
28,39,0
28,20,0
28,92,0
28,97,0
28,79,0
28,131,0
28,79,0
28,51,0
28,25,0
28,2,0
28,41,0
28,142,0
28,120,0
28,19,0
28,33,0
28,16,0
28,27,0
28,45,0
28,127,0
28,81,0
28,19,0
28,29,0
28,31,0
28,80,0
28,128,0
28,110,0
28,117,0
28,100,0
28,136,0
28,143,0
28,112,0
28,103,0
28,118,0
28,128,0
28,110,0
28,94,0
28,148,0
28,24,0
28,79,0
28,85,0
28,84,0
28,57,0
28,53,0
28,118,0
28,16,0
28,92,0
28,94,0
28,21,0
28,36,0
28,39,0
28,101,0
28,37,0
28,73,0
28,62,0
28,75,0
28,84,0
28,133,0
28,110,0
28,12,0
28,140,0
28,116,0
28,139,0
28,104,0
28,121,0
28,124,0
28,146,0
28,146,0
28,130,0
28,146,0
28,21,0
28,4,0
28,67,0
28,146,0
28,20,0
28,89,0
28,118,0
28,50,0
28,49,0
28,38,0
28,28,0
28,61,0
28,85,0
28,89,0
28,6,7.44
28,29,0
28,24,0
28,145,0
28,108,0
28,47,0
28,77,0
28,127,0
28,39,0
28,110,0
28,51,0
28,145,0
28,80,0
28,68,0
28,30,0
28,144,0
28,115,0
28,123,0
28,46,0
28,15,0
28,129,0
28,131,0
28,130,0
28,110,0
28,10,0
28,87,0
28,49,0
28,123,0
28,95,0
28,148,0
28,93,0
28,33,0
28,80,0
28,125,0
28,2,0
28,52,0
28,20,0
28,47,0
28,127,0
28,19,0
28,18,0
28,89,0
28,69,0
28,48,0
28,25,0
28,133,0
28,49,0
28,8,0
28,101,0
28,28,0
28,29,0
28,112,0
28,56,0
28,97,0
28,144,0
28,106,0
28,102,0
28,2,0
28,133,0
28,12,0
28,83,0
28,22,0
28,60,0
28,140,0
28,89,0
28,29,0
28,96,0
28,94,0
28,118,0
28,72,0
28,29,0
28,148,0
28,29,0
28,100,0
28,110,0
28,103,0
28,131,0
28,47,0
28,97,0
28,9,0
28,77,0
28,90,0
28,124,0
28,34,0
28,9,0
28,115,0
28,12,0
28,24,0
28,24,0
28,92,0
28,97,0
28,52,0
28,135,0
28,8,0
28,101,0
28,4,0
28,85,0
28,73,0
28,30,0
28,81,0
29,113,0
29,47,0
29,90,0
29,91,0
29,134,0
29,72,0
29,88,0
29,18,0
29,59,0
29,53,0
29,113,0
29,76,0
29,18,0
29,136,0
29,107,0
29,87,0
29,61,0
29,20,0
29,61,0
29,70,0
29,78,0
29,136,0
29,106,0
29,130,7.32
29,118,0
29,22,0
29,6,0
29,77,0
29,145,0
29,127,0
29,97,0
29,43,0
29,42,0
29,107,0
29,37,0
29,52,0
29,17,0
29,69,0
29,37,0
29,60,0
29,21,0
29,7,0
29,2,0
29,145,0
29,114,0
29,64,0
29,61,0
29,15,0
29,136,0
29,32,0
29,35,0
29,132,0
29,110,0
29,16,0
29,98,0
29,142,0
29,95,0
29,131,0
29,84,0
29,35,0
29,141,0
29,137,0
29,3,0
29,89,0
29,61,0
29,87,0
29,110,0
29,31,0
29,66,0
29,97,0
29,123,0
29,80,0
29,129,0
29,108,0
29,15,0
29,76,0
29,59,0
29,12,0
29,94,0
29,114,0
29,84,0
29,61,0
29,60,0
29,101,0
29,88,0
29,85,0
29,94,0
29,3,0
29,76,0
29,111,0
29,24,0
29,91,0
29,118,0
29,19,0
29,61,0
29,35,0
29,51,0
29,44,0
29,42,0
29,31,0
29,39,0
29,126,0
29,16,0
29,79,0
29,48,0
29,53,0
29,122,0
29,147,0
29,32,0
29,104,0
29,115,0
29,80,0
29,112,0
29,29,0
29,141,0
29,73,0
29,128,0
29,32,0
29,87,0
29,52,0
29,48,0
29,122,0
29,96,0
29,101,0
29,70,0
29,68,0
29,135,0
29,146,0
29,109,0
29,89,0
29,45,0
29,74,0
29,135,0
29,28,0
29,41,0
29,23,0
29,85,0
29,78,0
29,15,0
29,84,0
29,55,0
29,1,0
29,79,0
29,119,0
29,39,0
29,74,0
29,82,0
29,21,0
29,147,0
29,97,0
29,108,0
29,82,0
29,17,0
29,132,0
29,77,0
29,11,0
29,73,0
29,3,0
29,149,0
29,127,0
29,82,0
29,133,0
29,109,0
29,111,0
29,54,0
29,15,0
29,50,0
29,5,0
29,60,0
29,82,0
29,79,0
29,147,0
29,146,0
29,64,0
29,56,0
29,107,0
29,10,0
29,95,0
29,138,0
29,91,0
29,16,0
29,69,0
29,147,0
29,64,0
29,1,0
29,31,0
29,76,0
29,142,0
29,97,0
29,86,0
29,84,0
29,147,0
29,27,0
29,134,0
29,111,0
29,109,0
29,11,0
29,88,0
29,100,0
29,35,0
29,61,0
29,14,0
29,35,0
29,144,0
29,36,0
29,120,0
29,34,0
29,84,0
29,127,0
29,113,0
29,19,0
29,77,0
29,38,0
29,66,0
29,51,0
29,117,0
29,14,0
29,7,0
29,145,0
29,21,0
29,28,0
29,35,0
29,17,0
29,122,0
29,31,0
29,110,0
29,137,0
29,102,0
29,144,0
29,46,0
29,48,0
29,79,0
29,103,0
29,127,0
29,100,0
29,96,0
29,55,0
29,50,0
29,35,0
30,50,0
30,109,0
30,137,0
30,130,0
30,134,0
30,3,0
30,25,0
30,85,0
30,22,0
30,144,0
30,93,0
30,84,0
30,53,0
30,127,0
30,103,0
30,84,0
30,9,0
30,99,0
30,68,0
30,76,0
30,72,0
30,125,0
30,81,0
30,8,0
30,5,0
30,49,0
30,139,0
30,64,0
30,18,0
30,93,0
30,49,0
30,96,0
30,66,0
30,7,0
30,74,0
30,11,0
30,104,0
30,15,0
30,139,0
30,7,0
30,86,0
30,90,0
30,119,0
30,10,0
30,34,0
30,128,0
30,140,0
30,55,0
30,137,0
30,61,0
30,23,0
30,100,0
30,110,0
30,13,0
30,107,0
30,70,0
30,141,0
30,73,0
30,51,0
30,26,0
30,92,0
30,7,0
30,134,0
30,142,0
30,65,0
30,68,0
30,95,0
30,129,0
30,42,0
30,99,0
30,82,0
30,142,0
30,135,0
30,130,0
30,141,0
30,137,0
30,125,0
30,59,0
30,19,0
30,128,0
30,26,0
30,83,0
30,145,0
30,147,0
30,6,0
30,138,0
30,84,0
30,39,0
30,78,0
30,36,0
30,26,0
30,146,0
30,145,0
30,91,0
30,94,0
30,136,0
30,75,0
30,101,0
30,53,0
30,112,0
30,89,0
30,92,0
30,129,0
30,108,0
30,104,0
30,74,0
30,32,0
30,125,0
30,82,0
30,116,0
30,33,0
30,148,0
30,55,0
30,107,0
30,17,0
30,59,0
30,122,0
30,74,0
30,118,0
30,90,0
30,49,0
30,60,0
30,149,0
30,77,0
30,5,0
30,83,0
30,79,0
30,140,0
30,72,0
30,5,0
30,82,0
30,87,0
30,32,0
30,149,0
30,135,0
30,90,0
30,119,0
30,133,0
30,55,0
30,90,0
30,103,0
30,48,0
30,82,0
30,80,0
30,10,0
30,86,0
30,60,0
30,37,0
30,131,0
30,43,0
30,50,0
30,29,0
30,80,0
30,12,0
30,115,0
30,3,0
30,35,0
30,8,0
30,26,0
30,39,0
30,63,0
30,101,0
30,132,0
30,100,0
30,32,0
30,32,0
30,91,0
30,57,0
30,100,0
30,40,0
30,93,0
30,30,0
30,77,0
30,79,0
30,73,0
30,125,0
30,147,0
30,82,0
30,137,0
30,74,0
30,128,0
30,127,0
30,38,0
30,125,0
30,103,0
30,14,0
30,27,0
30,108,0
30,64,0
30,46,0
30,133,0
30,56,0
30,134,0
